asin,name
B0B2RM68G2,BIODANCE Bio-Collagen Real Deep Face Mask 4 Pcs
B0FGJLJGFD,BIODANCE Caviar PDRN Real Deep Face Mask 4 Pcs
B0CWGSP1WY,BIODANCE Hydro Cera-nol Real Deep Face Mask 4 Pcs
B0DPM1D9N2,BIODANCE Radiant Vita Niacinamide Real Deep Face Mask 4 Pcs
B0DR7P1TKL,BIODANCE Refreshing Sea Kelp Real Deep Face Mask 4 Pcs
B0DDXV5KV4,BIODANCE Collagen Gel Toner Pads 60 Counts
B0DYV2YCG8,BIODANCE Vita Niacinamide Gel Toner-Pads 60 Counts
B0DDXSYRN5,BIODANCE Cera-NOL Gel Toner Pads 60 Counts
B0DYV4LVFZ,BIODANCE Sea Kelp Gel Toner Pads 60 Counts
B0FKSM8L9H,BIODANCE Pore Perfecting Collagen Peptide Serum
B0FKT34H9W,BIODANCE Radiant Vita Niacinamide Serum
B0FKSR8138,BIODANCE Hydro Cera-nol Serum
B0FKT88VQS,BIODANCE Refreshing Sea Kelp Serum
